{"cameraMode":{"drawMode":0,"name":"Shaded","section":"Shading Mode"},"sceneLighting":true,"audioPlay":false,"sceneViewState":{"showFog":false,"showMaterialUpdate":false,"showSkybox":false,"showFlares":false,"showImageEffects":false,"showParticleSystems":false},"in2DMode":false,"pivot":{"x":-5.5,"y":1.0000500679016114,"z":1.4880542755126954},"rotation":{"x":0.12024000287055969,"y":0.8688527345657349,"z":-0.25735190510749819,"w":0.4056374430656433},"size":46.503936767578128,"orthographic":false}