{"cameraMode":{"drawMode":0,"name":"Shaded","section":"Shading Mode"},"sceneLighting":true,"audioPlay":false,"sceneViewState":{"showFog":false,"showMaterialUpdate":false,"showSkybox":false,"showFlares":false,"showImageEffects":false,"showParticleSystems":false},"in2DMode":false,"pivot":{"x":15.759757995605469,"y":-1.0896629095077515,"z":-57.96345138549805},"rotation":{"x":0.01871480606496334,"y":-0.677921712398529,"z":-0.017318518832325937,"w":-0.7347357273101807},"size":6.879303932189941,"orthographic":false}