{"cameraMode":{"drawMode":0,"name":"Shaded","section":"Shading Mode"},"sceneLighting":false,"audioPlay":false,"sceneViewState":{"showFog":false,"showMaterialUpdate":false,"showSkybox":false,"showFlares":false,"showImageEffects":false,"showParticleSystems":false},"in2DMode":false,"pivot":{"x":-0.7638154029846191,"y":1.6644859313964844,"z":4.590509414672852},"rotation":{"x":-0.16990579664707185,"y":0.7544377446174622,"z":-0.21490167081356049,"w":-0.5964789390563965},"size":2.8578836917877199,"orthographic":false}