{"cameraMode":{"drawMode":0,"name":"Shaded","section":"Shading Mode"},"sceneLighting":false,"audioPlay":false,"sceneViewState":{"showFog":true,"showMaterialUpdate":false,"showSkybox":false,"showFlares":true,"showImageEffects":true,"showParticleSystems":true},"in2DMode":false,"pivot":{"x":-0.7638154029846191,"y":1.8644859790802003,"z":4.590509414672852},"rotation":{"x":-0.01991305686533451,"y":-0.9750720262527466,"z":0.19806134700775147,"w":-0.09803400933742523},"size":2.8578836917877199,"orthographic":true}