{"cameraMode":{"drawMode":0,"name":"Shaded","section":"Shading Mode"},"sceneLighting":true,"audioPlay":false,"sceneViewState":{"showFog":true,"showMaterialUpdate":false,"showSkybox":true,"showFlares":true,"showImageEffects":true,"showParticleSystems":true},"in2DMode":false,"pivot":{"x":1.9990234375,"y":2.04931640625,"z":-0.97900390625},"rotation":{"x":0.09221544116735459,"y":0.8774064779281616,"z":-0.43198275566101076,"w":0.1873018890619278},"size":8.015262603759766,"orthographic":true}