{"cameraMode":{"drawMode":0,"name":"Shaded","section":"Shading Mode"},"sceneLighting":false,"audioPlay":false,"sceneViewState":{"showFog":true,"showMaterialUpdate":false,"showSkybox":false,"showFlares":true,"showImageEffects":true,"showParticleSystems":true},"in2DMode":false,"pivot":{"x":-0.7638154029846191,"y":1.6644859313964844,"z":3.2155094146728517},"rotation":{"x":-0.10294285416603089,"y":-0.8832786083221436,"z":0.39540135860443118,"w":-0.22996994853019715},"size":6.612878322601318,"orthographic":true}