{"cameraMode":{"drawMode":0,"name":"Shaded","section":"Shading Mode"},"sceneLighting":false,"audioPlay":false,"sceneViewState":{"showFog":true,"showMaterialUpdate":false,"showSkybox":false,"showFlares":true,"showImageEffects":true,"showParticleSystems":true},"in2DMode":false,"pivot":{"x":4.470348358154297e-8,"y":-2.9802322387695315e-8,"z":-1.9500000476837159},"rotation":{"x":0.25309571623802187,"y":0.6665980815887451,"z":-0.2589329183101654,"w":0.6515733003616333},"size":4.390364646911621,"orthographic":true}