{"cameraMode":{"drawMode":0,"name":"Shaded","section":"Shading Mode"},"sceneLighting":true,"audioPlay":false,"sceneViewState":{"showFog":true,"showMaterialUpdate":false,"showSkybox":true,"showFlares":true,"showImageEffects":true,"showParticleSystems":true},"in2DMode":false,"pivot":{"x":17.03118896484375,"y":-6.710015296936035,"z":-16.662097930908204},"rotation":{"x":-0.23541225492954255,"y":-0.4262290596961975,"z":0.11590095609426499,"w":-0.8657436966896057},"size":40.3231086730957,"orthographic":false}